{
    "root_group": {
        "name": "",
        "path": "",
        "id": "d41d8cd98f00b204e9800998ecf8427e",
        "groups": {
            "Testando HOME": {
                "groups": {},
                "checks": {
                        "status é 200": {
                            "name": "status é 200",
                            "path": "::Testando HOME::status é 200",
                            "id": "63b7724e88d0a29e9c972849b87357e4",
                            "passes": 168,
                            "fails": 0
                        }
                    },
                "name": "Testando HOME",
                "path": "::Testando HOME",
                "id": "0d2105c1f4f458927518794b89a01dbf"
            }
        },
        "checks": {}
    },
    "metrics": {
        "data_sent": {
            "count": 1105144,
            "rate": 32468.406052795828
        },
        "http_req_waiting": {
            "avg": 55.64231534523809,
            "min": 17.648352,
            "med": 44.595753,
            "max": 186.257168,
            "p(90)": 106.07686370000002,
            "p(95)": 136.39268380000004
        },
        "http_req_blocked": {
            "avg": 4.4342328392856905,
            "min": 0.000275,
            "med": 0.000734,
            "max": 79.796842,
            "p(90)": 0.001494600000000001,
            "p(95)": 72.22879640000001
        },
        "http_req_duration{expected_response:true}": {
            "avg": 821.8654211904765,
            "min": 191.66667,
            "med": 867.862213,
            "max": 1574.652315,
            "p(90)": 1187.9894847,
            "p(95)": 1249.1347389500002
        },
        "vus": {
            "value": 3,
            "min": 3,
            "max": 10
        },
        "vus_max": {
            "value": 10,
            "min": 10,
            "max": 10
        },
        "http_req_duration": {
            "med": 867.862213,
            "max": 1574.652315,
            "p(90)": 1187.9894847,
            "p(95)": 1249.1347389500002,
            "avg": 821.8654211904765,
            "min": 191.66667
        },
        "checks": {
            "passes": 168,
            "fails": 0,
            "value": 1
        },
        "http_req_tls_handshaking": {
            "avg": 1.4783338988095238,
            "min": 0,
            "med": 0,
            "max": 29.898112,
            "p(90)": 0,
            "p(95)": 23.207402100000003
        },
        "http_req_sending": {
            "med": 0.067289,
            "max": 2.177625,
            "p(90)": 0.1639770000000001,
            "p(95)": 0.21766125000000006,
            "avg": 0.11080607738095234,
            "min": 0.026402
        },
        "group_duration": {
            "avg": 1827.1528720952379,
            "min": 1192.693719,
            "med": 1868.4588979999999,
            "max": 2649.422053,
            "p(90)": 2215.9270258,
            "p(95)": 2279.3815679
        },
        "iteration_duration": {
            "avg": 1827.272828154762,
            "min": 1192.831964,
            "med": 1868.5187620000002,
            "max": 2649.712476,
            "p(90)": 2216.0814696,
            "p(95)": 2279.7184059
        },
        "data_received": {
            "count": 438866847,
            "rate": 12893620.190225184
        },
        "http_reqs": {
            "count": 168,
            "rate": 4.9357298387085295
        },
        "http_req_failed": {
            "passes": 0,
            "fails": 168,
            "value": 0
        },
        "http_req_receiving": {
            "p(90)": 1142.392028,
            "p(95)": 1211.52691285,
            "avg": 766.1122997678568,
            "min": 170.070284,
            "med": 793.5175475,
            "max": 1522.881053
        },
        "iterations": {
            "count": 168,
            "rate": 4.9357298387085295
        },
        "http_req_connecting": {
            "max": 31.367189,
            "p(90)": 0,
            "p(95)": 22.852839550000038,
            "avg": 1.543276232142857,
            "min": 0,
            "med": 0
        }
    }
}